{
"lengthUnit": "mil",
"components": {
	"fields": ["COMPONENT_NO", "COMPONENT_NAME", "LAYER", "X_COORDINATE", "Y_COORDINATE", "ANGLE"],
	"rows": [
		[1, "C1", "T", 417.5, 567.5, 0],
		[2, "C2", "T", 690, 490, 340],
		[3, "C3", "T", 615, 615, 0],
		[4, "C4", "T", 505, 615, 180],
		[5, "P1", "T", 106.17, 114.95, 0],
		[6, "P2", "T", 670, 340, 270],
		[7, "R1", "T", 330, 535, 90],
		[8, "R2", "T", 405, 520, 0],
		[9, "R3", "T", 40, 970, 90],
		[10, "U1", "T", 450, 335, 180],
		[11, "U2", "T", 285, 950, 270],
		[12, "X1", "T", 560, 555, 0]
	]
},
"pins": {
	"fields": ["PIN_NO", "PIN_NAME", "PIN_X", "PIN_Y", "LAYER", "PIN_TYPE", "NET_NAME", "NET_TYPE", "PAD_SHAPE", "PAD_SIZEX", "PAD_SIZEY", "HOLE_SIZE", "PAD_ANGLE"],
	"rows": [
		[1, "C1_1", 396.04, 567.5, "T", "SMD", "GND", "GND", "R", 31.11, 21.26, 0, 0],
		[2, "C1_2", 438.96, 567.5, "T", "SMD", "NRST", "", "R", 31.11, 21.26, 0, 0],
		[3, "C2_1", 700.04, 517.74, "T", "SMD", "VBAT", "", "R", 78.74, 35.43, 0, 340],
		[4, "C2_2", 679.96, 462.26, "T", "SMD", "GND", "GND", "R", 78.74, 35.43, 0, 340],
		[5, "C3_1", 593.54, 615, "T", "SMD", "$3N4441", "", "R", 31.11, 21.26, 0, 0],
		[6, "C3_2", 636.46, 615, "T", "SMD", "GND", "GND", "R", 31.11, 21.26, 0, 0],
		[7, "C4_1", 526.46, 615, "T", "SMD", "$3N4446", "", "R", 31.11, 21.26, 0, 180],
		[8, "C4_2", 483.54, 615, "T", "SMD", "GND", "GND", "R", 31.11, 21.26, 0, 180],
		[9, "P1_1", 31.17, 28.45, "T", "SMD", "P1_1", "", "R", 27.56, 59.06, 0, 0],
		[10, "P1_2", 81.17, 28.45, "T", "SMD", "VCC", "", "R", 27.56, 59.06, 0, 0],
		[11, "P1_3", 131.17, 28.45, "T", "SMD", "P1_3", "", "R", 27.56, 59.06, 0, 0],
		[12, "P1_4", 181.17, 28.45, "T", "SMD", "P1_4", "", "R", 27.56, 59.06, 0, 0],
		[13, "P1_5", 181.17, 201.45, "T", "SMD", "I2C2_SDA", "", "R", 27.56, 59.06, 0, 0],
		[14, "P1_6", 131.17, 201.45, "T", "SMD", "P1_6", "", "R", 27.56, 59.06, 0, 0],
		[15, "P1_7", 81.17, 201.45, "T", "SMD", "GND", "GND", "R", 27.56, 59.06, 0, 0],
		[16, "P1_8", 31.17, 201.45, "T", "SMD", "I2C2_SCL", "", "R", 27.56, 59.06, 0, 0],
		[17, "P2_1", 670, 415, "T", "DIP", "GND", "GND", "R", 39.37, 39.37, 23.62, 270],
		[18, "P2_1", 670, 415, "B", "DIP", "GND", "GND", "R", 39.37, 39.37, 23.62, 270],
		[19, "P2_2", 670, 365, "T", "DIP", "VCC", "", "C", 39.37, 39.37, 23.62, 270],
		[20, "P2_2", 670, 365, "B", "DIP", "VCC", "", "C", 39.37, 39.37, 23.62, 270],
		[21, "P2_3", 670, 315, "T", "DIP", "SWCLK", "", "C", 39.37, 39.37, 23.62, 270],
		[22, "P2_3", 670, 315, "B", "DIP", "SWCLK", "", "C", 39.37, 39.37, 23.62, 270],
		[23, "P2_4", 670, 265, "T", "DIP", "SWDIO", "", "C", 39.37, 39.37, 23.62, 270],
		[24, "P2_4", 670, 265, "B", "DIP", "SWDIO", "", "C", 39.37, 39.37, 23.62, 270],
		[25, "R1_1", 330, 517.96, "T", "SMD", "BOOT0", "", "R", 22.27, 21.26, 0, 90],
		[26, "R1_2", 330, 552.04, "T", "SMD", "GND", "GND", "R", 22.27, 21.26, 0, 90],
		[27, "R2_1", 387.96, 520, "T", "SMD", "VCC", "", "R", 22.27, 21.26, 0, 0],
		[28, "R2_2", 422.04, 520, "T", "SMD", "NRST", "", "R", 22.27, 21.26, 0, 0],
		[29, "R3_1", 40, 952.96, "T", "SMD", "$3N6767", "", "R", 22.27, 21.26, 0, 90],
		[30, "R3_2", 40, 987.04, "T", "SMD", "$3N6763", "", "R", 22.27, 21.26, 0, 90],
		[31, "U1_1", 558.27, 471.8, "T", "SMD", "VBAT", "", "O", 11.02, 33.47, 0, 180],
		[32, "U1_2", 538.58, 471.8, "T", "SMD", "U1_2", "", "O", 11.02, 33.47, 0, 180],
		[33, "U1_3", 518.9, 471.8, "T", "SMD", "$3N4441", "", "O", 11.02, 33.47, 0, 180],
		[34, "U1_4", 499.21, 471.8, "T", "SMD", "$3N4446", "", "O", 11.02, 33.47, 0, 180],
		[35, "U1_5", 479.53, 471.8, "T", "SMD", "U1_5", "", "O", 11.02, 33.47, 0, 180],
		[36, "U1_6", 459.84, 471.8, "T", "SMD", "U1_6", "", "O", 11.02, 33.47, 0, 180],
		[37, "U1_7", 440.16, 471.8, "T", "SMD", "NRST", "", "O", 11.02, 33.47, 0, 180],
		[38, "U1_8", 420.47, 471.8, "T", "SMD", "GND", "GND", "O", 11.02, 33.47, 0, 180],
		[39, "U1_9", 400.79, 471.8, "T", "SMD", "VCC", "", "O", 11.02, 33.47, 0, 180],
		[40, "U1_10", 381.1, 471.8, "T", "SMD", "U1_10", "", "O", 11.02, 33.47, 0, 180],
		[41, "U1_11", 361.42, 471.8, "T", "SMD", "U1_11", "", "O", 11.02, 33.47, 0, 180],
		[42, "U1_12", 341.73, 471.8, "T", "SMD", "U1_12", "", "O", 11.02, 33.47, 0, 180],
		[43, "U1_13", 313.2, 443.27, "T", "SMD", "U1_13", "", "O", 33.47, 11.02, 0, 180],
		[44, "U1_14", 313.2, 423.58, "T", "SMD", "U1_14", "", "O", 33.47, 11.02, 0, 180],
		[45, "U1_15", 313.2, 403.9, "T", "SMD", "U1_15", "", "O", 33.47, 11.02, 0, 180],
		[46, "U1_16", 313.2, 384.21, "T", "SMD", "U1_16", "", "O", 33.47, 11.02, 0, 180],
		[47, "U1_17", 313.2, 364.53, "T", "SMD", "U1_17", "", "O", 33.47, 11.02, 0, 180],
		[48, "U1_18", 313.2, 344.84, "T", "SMD", "ADC", "", "O", 33.47, 11.02, 0, 180],
		[49, "U1_19", 313.2, 325.16, "T", "SMD", "U1_19", "", "O", 33.47, 11.02, 0, 180],
		[50, "U1_20", 313.2, 305.47, "T", "SMD", "U1_20", "", "O", 33.47, 11.02, 0, 180],
		[51, "U1_21", 313.2, 285.79, "T", "SMD", "U1_21", "", "O", 33.47, 11.02, 0, 180],
		[52, "U1_22", 313.2, 266.1, "T", "SMD", "U1_22", "", "O", 33.47, 11.02, 0, 180],
		[53, "U1_23", 313.2, 246.42, "T", "SMD", "GND", "GND", "O", 33.47, 11.02, 0, 180],
		[54, "U1_24", 313.2, 226.73, "T", "SMD", "VCC", "", "O", 33.47, 11.02, 0, 180],
		[55, "U1_25", 341.73, 198.2, "T", "SMD", "U1_25", "", "O", 11.02, 33.47, 0, 180],
		[56, "U1_26", 361.42, 198.2, "T", "SMD", "I2C2_SCL", "", "O", 11.02, 33.47, 0, 180],
		[57, "U1_27", 381.1, 198.2, "T", "SMD", "I2C2_SDA", "", "O", 11.02, 33.47, 0, 180],
		[58, "U1_28", 400.79, 198.2, "T", "SMD", "U1_28", "", "O", 11.02, 33.47, 0, 180],
		[59, "U1_29", 420.47, 198.2, "T", "SMD", "U1_29", "", "O", 11.02, 33.47, 0, 180],
		[60, "U1_30", 440.16, 198.2, "T", "SMD", "U1_30", "", "O", 11.02, 33.47, 0, 180],
		[61, "U1_31", 459.84, 198.2, "T", "SMD", "U1_31", "", "O", 11.02, 33.47, 0, 180],
		[62, "U1_32", 479.53, 198.2, "T", "SMD", "U1_32", "", "O", 11.02, 33.47, 0, 180],
		[63, "U1_33", 499.21, 198.2, "T", "SMD", "U1_33", "", "O", 11.02, 33.47, 0, 180],
		[64, "U1_34", 518.9, 198.2, "T", "SMD", "SWDIO", "", "O", 11.02, 33.47, 0, 180],
		[65, "U1_35", 538.58, 198.2, "T", "SMD", "GND", "GND", "O", 11.02, 33.47, 0, 180],
		[66, "U1_36", 558.27, 198.2, "T", "SMD", "VCC", "", "O", 11.02, 33.47, 0, 180],
		[67, "U1_37", 586.8, 226.73, "T", "SMD", "SWCLK", "", "O", 33.47, 11.02, 0, 180],
		[68, "U1_38", 586.8, 246.42, "T", "SMD", "U1_38", "", "O", 33.47, 11.02, 0, 180],
		[69, "U1_39", 586.8, 266.1, "T", "SMD", "U1_39", "", "O", 33.47, 11.02, 0, 180],
		[70, "U1_40", 586.8, 285.79, "T", "SMD", "U1_40", "", "O", 33.47, 11.02, 0, 180],
		[71, "U1_41", 586.8, 305.47, "T", "SMD", "U1_41", "", "O", 33.47, 11.02, 0, 180],
		[72, "U1_42", 586.8, 325.16, "T", "SMD", "USART1_TX", "", "O", 33.47, 11.02, 0, 180],
		[73, "U1_43", 586.8, 344.84, "T", "SMD", "USART1_RX", "", "O", 33.47, 11.02, 0, 180],
		[74, "U1_44", 586.8, 364.53, "T", "SMD", "BOOT0", "", "O", 33.47, 11.02, 0, 180],
		[75, "U1_45", 586.8, 384.21, "T", "SMD", "U1_45", "", "O", 33.47, 11.02, 0, 180],
		[76, "U1_46", 586.8, 403.9, "T", "SMD", "U1_46", "", "O", 33.47, 11.02, 0, 180],
		[77, "U1_47", 586.8, 423.58, "T", "SMD", "GND", "GND", "O", 33.47, 11.02, 0, 180],
		[78, "U1_48", 586.8, 443.27, "T", "SMD", "VCC", "", "O", 33.47, 11.02, 0, 180],
		[79, "U1_49", 450, 335, "T", "SMD", "GND", "GND", "R", 216.54, 216.54, 0, 180],
		[80, "U2_1", 474.4, 776.8, "T", "SMD", "GND", "GND", "O", 27.6, 69.8, 0, 90],
		[81, "U2_2", 474.4, 820.1, "T", "SMD", "USART1_RX", "", "O", 27.6, 69.8, 0, 90],
		[82, "U2_3", 474.4, 863.4, "T", "SMD", "USART1_TX", "", "O", 27.6, 69.8, 0, 90],
		[83, "U2_4", 474.4, 906.7, "T", "SMD", "U2_4", "", "O", 27.6, 69.8, 0, 90],
		[84, "U2_5", 474.4, 950, "T", "SMD", "VCC", "", "O", 27.6, 69.8, 0, 90],
		[85, "U2_6", 474.4, 993.3, "T", "SMD", "VBAT", "", "O", 27.6, 69.8, 0, 90],
		[86, "U2_7", 474.4, 1036.6, "T", "SMD", "U2_7", "", "O", 27.6, 69.8, 0, 90],
		[87, "U2_8", 474.4, 1079.9, "T", "SMD", "VCC", "", "O", 27.6, 69.8, 0, 90],
		[88, "U2_9", 474.4, 1123.2, "T", "SMD", "NRST", "", "O", 27.6, 69.8, 0, 90],
		[89, "U2_10", 95.6, 1123.2, "T", "SMD", "GND", "GND", "O", 27.6, 69.8, 0, 90],
		[90, "U2_11", 95.6, 1079.9, "T", "SMD", "$3N6763", "", "O", 27.6, 69.8, 0, 90],
		[91, "U2_12", 95.6, 1036.6, "T", "SMD", "GND", "GND", "O", 27.6, 69.8, 0, 90],
		[92, "U2_13", 95.6, 993.3, "T", "SMD", "U2_13", "", "O", 27.6, 69.8, 0, 90],
		[93, "U2_14", 95.6, 950, "T", "SMD", "$3N6767", "", "O", 27.6, 69.8, 0, 90],
		[94, "U2_15", 95.6, 906.7, "T", "SMD", "U2_15", "", "O", 27.6, 69.8, 0, 90],
		[95, "U2_16", 95.6, 863.4, "T", "SMD", "U2_16", "", "O", 27.6, 69.8, 0, 90],
		[96, "U2_17", 95.6, 820.1, "T", "SMD", "U2_17", "", "O", 27.6, 69.8, 0, 90],
		[97, "U2_18", 95.6, 776.8, "T", "SMD", "U2_18", "", "O", 27.6, 69.8, 0, 90],
		[98, "X1_1", 526.04, 555, "T", "SMD", "$3N4446", "", "R", 36.42, 51.18, 0, 0],
		[99, "X1_2", 593.96, 555, "T", "SMD", "$3N4441", "", "R", 36.42, 51.18, 0, 0]
	]
}
}